{
  "width": 636,
  "height": 303,
  "cx": [
    [ "ECRIVENT", 54 ],
    [ "AUTEURS", 182 ],
    [ "MAUVAISES_REPONSES", 333 ],
    [ "STAGNE", 477 ],
    [ "QUESTIONS", 54 ],
    [ "DONNENT", 182 ],
    [ "ENVOIENT", 333 ],
    [ "FEEDBACK", 477 ],
    [ "SCORE", 587 ],
    [ "REPONDENT", 54 ],
    [ "UTILISATEURS", 182 ],
    [ "BONNES_REPONSES", 333 ],
    [ "AUGMENTE", 477 ]
  ],
  "cy": [
    [ "ECRIVENT", 51 ],
    [ "AUTEURS", 51 ],
    [ "MAUVAISES_REPONSES", 51 ],
    [ "STAGNE", 51 ],
    [ "QUESTIONS", 160 ],
    [ "DONNENT", 160 ],
    [ "ENVOIENT", 160 ],
    [ "FEEDBACK", 160 ],
    [ "SCORE", 160 ],
    [ "REPONDENT", 252 ],
    [ "UTILISATEURS", 252 ],
    [ "BONNES_REPONSES", 252 ],
    [ "AUGMENTE", 252 ]
  ],
  "shift": [
    [ "ECRIVENT,AUTEURS,0", 0 ],
    [ "ECRIVENT,QUESTIONS,0", 0 ],
    [ "STAGNE,MAUVAISES_REPONSES,0", 0 ],
    [ "STAGNE,SCORE,0", 0 ],
    [ "DONNENT,UTILISATEURS,0", 0 ],
    [ "DONNENT,BONNES_REPONSES,0", 0 ],
    [ "DONNENT,MAUVAISES_REPONSES,0", 0 ],
    [ "ENVOIENT,BONNES_REPONSES,0", 0 ],
    [ "ENVOIENT,MAUVAISES_REPONSES,0", 0 ],
    [ "ENVOIENT,FEEDBACK,0", 0 ],
    [ "REPONDENT,UTILISATEURS,0", 0 ],
    [ "REPONDENT,QUESTIONS,0", 0 ],
    [ "AUGMENTE,BONNES_REPONSES,0", 0 ],
    [ "AUGMENTE,SCORE,0", 0 ]
  ],
  "ratio": [
    [ "ECRIVENT,QUESTIONS,0", 1.0 ],
    [ "STAGNE,SCORE,0", 1.0 ],
    [ "DONNENT,BONNES_REPONSES,0", 1.0 ],
    [ "ENVOIENT,FEEDBACK,0", 1.0 ],
    [ "REPONDENT,QUESTIONS,0", 1.0 ],
    [ "AUGMENTE,SCORE,0", 1.0 ]
  ]
}
