{
  "width": 587,
  "height": 446,
  "cx": [
    [ "LIRE", 51 ],
    [ "UTILISATEURS", 166 ],
    [ "AUGMENTE", 291 ],
    [ "SCORE", 411 ],
    [ "DEFINIT", 527 ],
    [ "QUESTIONS", 51 ],
    [ "REPONDRE", 166 ],
    [ "REPONSES", 291 ],
    [ "STAGNE", 411 ],
    [ "LEADERBOARD", 527 ],
    [ "ECRIRE", 51 ],
    [ "ENVOYER", 291 ],
    [ "FEEDBACK", 411 ],
    [ "AUTEURS", 51 ]
  ],
  "cy": [
    [ "LIRE", 51 ],
    [ "UTILISATEURS", 51 ],
    [ "AUGMENTE", 51 ],
    [ "SCORE", 51 ],
    [ "DEFINIT", 51 ],
    [ "QUESTIONS", 177 ],
    [ "REPONDRE", 177 ],
    [ "REPONSES", 177 ],
    [ "STAGNE", 177 ],
    [ "LEADERBOARD", 177 ],
    [ "ECRIRE", 303 ],
    [ "ENVOYER", 303 ],
    [ "FEEDBACK", 303 ],
    [ "AUTEURS", 395 ]
  ],
  "shift": [
    [ "LIRE,UTILISATEURS,0", 0 ],
    [ "LIRE,QUESTIONS,0", 0 ],
    [ "AUGMENTE,REPONSES,0", 0 ],
    [ "AUGMENTE,SCORE,0", 0 ],
    [ "DEFINIT,SCORE,0", 0 ],
    [ "DEFINIT,LEADERBOARD,0", 0 ],
    [ "REPONDRE,UTILISATEURS,0", 0 ],
    [ "REPONDRE,REPONSES,0", 0 ],
    [ "STAGNE,REPONSES,0", 0 ],
    [ "STAGNE,SCORE,0", 0 ],
    [ "ECRIRE,AUTEURS,0", 0 ],
    [ "ECRIRE,QUESTIONS,0", 0 ],
    [ "ENVOYER,REPONSES,0", 0 ],
    [ "ENVOYER,FEEDBACK,0", 0 ]
  ],
  "ratio": [
    [ "LIRE,QUESTIONS,0", 1.0 ],
    [ "AUGMENTE,SCORE,0", 1.0 ],
    [ "DEFINIT,LEADERBOARD,0", 1.0 ],
    [ "REPONDRE,REPONSES,0", 1.0 ],
    [ "STAGNE,SCORE,0", 1.0 ],
    [ "ECRIRE,QUESTIONS,0", 1.0 ],
    [ "ENVOYER,FEEDBACK,0", 1.0 ]
  ]
}
